{
    "AUT": {
        "name": "Австрия",
        "color": "turquoise",
        "cities": [
            {
                "name": "Вена",
                "lat": 48.216667,
                "lon": 16.373333,
                "visits": [
                    {
                        "date": "2014-06-19",
                        "link": "/post/eurotrip-2014-vienna/"
                    },
                    {
                        "date": "2012-07-12"
                    }
                ]
            },
            {
                "name": "Грац",
                "lat": 47.066667,
                "lon": 15.433333,
                "visits": [
                    {
                        "date": "2014-06-20",
                        "link": "/post/eurotrip-2014-graz/"
                    }
                ]
            }
        ]
    },

    "BEL": {
        "name": "Бельгия",
        "color": "turquoise",
        "cities": [
            {
                "name": "Антверпен",
                "lat": 51.216667,
                "lon": 4.4,
                "visits": [
                    {
                        "date": "2013-08-22",
                        "link": "/post/eurotrip-antwerpen/"
                    }
                ]
            },
            {
                "name": "Брюгге",
                "lat": 51.209444,
                "lon": 3.22,
                "visits": [
                    {
                        "date": "2013-08-21",
                        "link": "/post/eurotrip-brugge/"
                    }
                ]
            },
            {
                "name": "Брюссель",
                "lat": 50.846667,
                "lon": 4.3525,
                "visits": [
                    {
                        "date": "2013-08-19/2013-08-20",
                        "link": "/post/eurotrip-brussels/"
                    }
                ]
            },
            {
                "name": "Гент",
                "lat": 51.05,
                "lon": 3.716667,
                "visits": [
                    {
                        "date": "2013-08-21",
                        "link": "/post/eurotrip-ghent/"
                    }
                ]
            }
        ]

    },

    "BLR": {
        "name": "Беларусь",
        "color": "green",
        "cities": [
            {
                "name": "Берёза",
                "lat": 52.55,
                "lon": 24.966667,
                "visits": [
                    {
                        "date": "2013-07-27"
                    }
                ]
            },
            {
                "name": "Борисов",
                "lat": 54.233333,
                "lon": 28.5,
                "visits": [
                    {
                        "date": "2010-09-26"
                    }
                ]
            },
            {
                "name": "Браслав",
                "lat": 55.643333,
                "lon": 27.061389,
                "visits": [
                    {
                        "date": "2014-09-13",
                        "link": "/post/braslav/"
                    }
                ]
            },
            {
                "name": "Брест",
                "lat": 52.133333,
                "lon": 23.666667,
                "visits": [
                    {
                        "date": "2014-08-16"
                    }
                ]
            },
            {
                "name": "Витебск",
                "lat": 55.183333,
                "lon": 30.166667,
                "visits": [
                    {
                        "date": "2015-07-03/2015-07-05",
                        "link": "/post/vitebsk-1/"
                    }
                ]
            },
            {
                "name": "Глубокое",
                "lat": 55.133333,
                "lon": 27.683333,
                "visits": [
                    {
                        "date": "2015-05-01",
                        "link": "/post/belarus-2015-1/"
                    }
                ]
            },
            {
                "name": "Голубые озёра",
                "lat": 54.975833,
                "lon": 26.416667,
                "visits": [
                    {
                        "date": "2014-07-18/2014-07-20",
                        "link": "/post/land-of-lakes/"
                    }
                ]
            },
            {
                "name": "Гомель",
                "lat": 52.441667,
                "lon": 30.983333,
                "visits": [
                    {
                        "date": "2013-12-31/2014-01-02"
                    }
                ]
            },
            {
                "name": "Гродно",
                "lat": 53.666667,
                "lon": 23.816667,
                "visits": [
                    {
                        "date": "2012-03-10/2012-03-11"
                    }
                ]
            },
            {
                "name": "Докшицы",
                "lat": 54.883333,
                "lon": 27.766667,
                "visits": [
                    {
                        "date": "2015-05-01",
                        "link": "/post/belarus-2015-1/"
                    }
                ]
            },
            {
                "name": "Заславль",
                "lat": 54,
                "lon": 27.283333,
                "visits": [
                    {
                        "date": "2010-08-29"
                    }
                ]
            },
            {
                "name": "Коссово",
                "lat": 52.75,
                "lon": 25.15,
                "visits": [
                    {
                        "date": "2015-05-09",
                        "link": "/post/belarus-2015-2/"
                    }
                ]
            },
            {
                "name": "Минск",
                "lat": 53.9,
                "lon": 27.566667
            },
            {
                "name": "Мир",
                "lat": 53.45,
                "lon": 26.466667,
                "visits": [
                    {
                        "date": "2013-05-10"
                    }
                ]
            },
            {
                "name": "Могилёв",
                "lat": 53.916667,
                "lon": 30.35,
                "visits": [
                    {
                        "date": "2012-08-11/2012-08-12"
                    }
                ]
            },
            {
                "name": "Молодечно",
                "lat": 54.313611,
                "lon": 26.851667
            },
            {
                "name": "Мосар",
                "lat": 55.225225,
                "lon": 27.464953,
                "visits": [
                    {
                        "date": "2015-05-01",
                        "link": "/post/belarus-2015-1/"
                    }
                ]
            },
            {
                "name": "Нарочь",
                "lat": 54.906771,
                "lon": 26.706599,
                "visits": [
                    {
                        "date": "2014-07-20",
                        "link": "/post/land-of-lakes/"
                    },
                    {
                        "date": "2011-08-13/2011-08-14"
                    }
                ]
            },
            {
                "name": "Несвиж",
                "lat": 53.216667,
                "lon": 26.666667,
                "visits": [
                    {
                        "date": "2013-05-10"
                    }
                ]
            },
            {
                "name": "Орша",
                "lat": 54.5,
                "lon": 30.4,
                "visits": [
                    {
                        "date": "2012-09-09"
                    }
                ]
            },
            {
                "name": "Парафьяново",
                "lat": 54.877,
                "lon": 27.6065,
                "visits": [
                    {
                        "date": "2015-05-01",
                        "link": "/post/belarus-2015-1/"
                    }
                ]
            },
            {
                "name": "Париж",
                "lat": 55.15,
                "lon": 27.366667,
                "visits": [
                    {
                        "date": "2015-05-01",
                        "link": "/post/belarus-2015-1/"
                    }
                ]
            },
            {
                "name": "Полоцк",
                "lat": 55.483333,
                "lon": 28.8,
                "visits": [
                    {
                        "date": "2010-12-31/2011-01-02"
                    }
                ]
            },
            {
                "name": "Радошковичи",
                "lat": 54.15,
                "lon": 27.233333,
                "visits": [
                    {
                        "date": "2010-08-29"
                    }
                ]
            },
            {
                "name": "Рубежевичи",
                "lat": 53.694167,
                "lon": 26.869444,
                "visits": [
                    {
                        "date": "2015-05-09",
                        "link": "/post/belarus-2015-2/"
                    }
                ]
            },
            {
                "name": "Ружаны",
                "lat": 52.864722,
                "lon": 24.890556,
                "visits": [
                    {
                        "date": "2015-05-09",
                        "link": "/post/belarus-2015-2/"
                    }
                ]
            },
            {
                "name": "Светлогорск",
                "lat": 52.633333,
                "lon": 29.733333
            },
            {
                "name": "Ситцы",
                "lat": 54.924247,
                "lon": 27.536499,
                "visits": [
                    {
                        "date": "2015-05-01",
                        "link": "/post/belarus-2015-1/"
                    }
                ]
            },
            {
                "name": "Слоним",
                "lat": 53.083333,
                "lon": 25.316667,
                "visits": [
                    {
                        "date": "2015-05-09"
                    }
                ]
            },
            {
                "name": "Станьково",
                "lat": 53.630833,
                "lon": 27.224167,
                "visits": [
                    {
                        "date": "2015-05-09",
                        "link": "/post/belarus-2015-2/"
                    }
                ]
            },
            {
                "name": "Столбцы",
                "lat": 53.483333,
                "lon": 26.733333,
                "visits": [
                    {
                        "date": "2015-05-09",
                        "link": "/post/belarus-2015-2/"
                    }
                ]
            },
            {
                "name": "Удело",
                "lat": 55.210278,
                "lon": 27.559167,
                "visits": [
                    {
                        "date": "2015-05-01",
                        "link": "/post/belarus-2015-1/"
                    }
                ]
            }
        ]
    },

    "BOL": {
        "name": "Боливия",
        "color": "purple",
        "cities": [
            {
                "name": "Исла-дель-Соль",
                "lat": -16.020556,
                "lon": -69.176389,
                "visits": [
                    {
                        "date": "2015-09-11",
                        "link": "/post/satrip-2015-isla-del-sol/"
                    }
                ]
            },
            {
                "name": "Копакабана",
                "lat": -16.166667,
                "lon": -69.083333,
                "visits": [
                    {
                        "date": "2015-09-10/2015-09-11",
                        "link": "/post/satrip-2015-copacabana/"
                    }
                ]
            },
            {
                "name": "Ла-Пас",
                "lat": -16.494167,
                "lon": -68.1475,
                "visits": [
                    {
                        "date": "2015-09-04/2015-09-06",
                        "link": "/post/satrip-2015-la-paz/"
                    }
                ]
            },
            {
                "name": "Национальный парк Эдуардо Авароа",
                "lat": -22.466667,
                "lon": -67.466667,
                "visits": [
                    {
                        "date": "2015-09-08/2015-09-09",
                        "link": "/post/satrip-2015-bolivia-national-park/"
                    }
                ]
            },
            {
                "name": "Уюни",
                "lat": -20.466667,
                "lon": -66.833333,
                "visits": [
                    {
                        "date": "2015-09-07",
                        "link": "/post/satrip-2015-uyuni-salt-flats/"
                    }
                ]
            }
        ]
    },

    "BRA": {
        "name": "Бразилия",
        "color": "yellow",
        "cities": [
            {
                "name": "Рио-де-Жанейро",
                "lat": -22.908333,
                "lon": -43.196389,
                "visits": [
                    {
                        "date": "2015-08-29/2015-08-31",
                        "link": "/post/satrip-2015-rio-1/"
                    },
                    {
                        "date": "2015-09-15/2015-09-17",
                        "link": "/post/satrip-2015-rio-4/"
                    }
                ]
            },
            {
                "name": "Фос-ду-Игуасу",
                "lat": -25.547778,
                "lon": -54.587778,
                "visits": [
                    {
                        "date": "2015-09-14/2015-09-15",
                        "link": "/post/satrip-2015-iguazu-falls/"
                    }
                ]
            }
        ]
    },

    "CHE": {
        "name": "Швейцария",
        "color": "blue",
        "cities": [
            {
                "name": "Базель",
                "lat": 47.558333,
                "lon": 7.616667,
                "visits": [
                    {
                        "date": "2016-10-02"
                    }
                ]
            },
            {
                "name": "Фюллинсдорф",
                "lat": 47.5056,
                "lon": 7.7299,
                "visits": [
                    {
                        "date": "2016-10-02/2016-10-03"
                    }
                ]
            }
        ]
    },

    "CZE": {
        "name": "Чехия",
        "color": "pink",
        "cities": [
            {
                "name": "Прага",
                "lat": 50.088611,
                "lon": 14.421389,
                "visits": [
                    {
                        "date": "2012-07-09/2012-07-13"
                    },
                    {
                        "date": "2016-12-30/2017-01-02"
                    }
                ]
            }
        ]
    },

    "DEU": {
        "name": "Германия",
        "color": "orange",
        "cities": [
            {
                "name": "Альпирсбах",
                "lat": 48.346111,
                "lon": 8.403889,
                "visits": [
                    {
                        "date": "2015-03-27",
                        "link": "/post/one-day-in-schwarzwald/"
                    }
                ]
            },
            {
                "name": "Бад-Шандау",
                "lat": 50.916667,
                "lon": 14.15,
                "visits": [
                    {
                        "date": "2014-04-24",
                        "link": "/post/saxon-switzerland-2014/"
                    }
                ]
            },
            {
                "name": "Берлин",
                "lat": 52.516667,
                "lon": 13.383333,
                "visits": [
                    {
                        "date": "2016-06-29/2016-06-30",
                        "link": "/post/berlin-at-night/"
                    },
                    {
                        "date": "2014-04-22/2014-04-26",
                        "link": "/post/berlin-2014/"
                    },
                    {
                        "date": "2013-08-14/2013-08-17",
                        "link": "/post/eurotrip-berlin/"
                    }
                ]
            },
            {
                "name": "Брайтенштайн",
                "lat": 48.583056,
                "lon": 9.501389,
                "visits": [
                    {
                        "date": "2016-04-03",
                        "link": "/post/breitenstein/"
                    },
                    {
                        "date": "2016-05-06"
                    }
                ]
            },
            {
                "name": "Вальденбух",
                "lat": 48.637222,
                "lon": 9.131667,
                "visits": [
                    {
                        "date": "2016-02-27",
                        "link": "/post/ritter-sport-waldenbuch/"
                    }
                ]
            },
            {
                "name": "Вайнхайм",
                "lat": 49.55,
                "lon": 8.666667,
                "visits": [
                    {
                        "date": "2016-05-16"
                    }
                ]
            },
            {
                "name": "Гамбург",
                "lat": 53.565278,
                "lon": 10.001389,
                "visits": [
                    {
                        "date": "2016-04-23/2016-04-24",
                        "link": "/post/hamburg/"
                    }
                ]
            },
            {
                "name": "Ганновер",
                "lat": 52.374444,
                "lon": 9.738611,
                "visits": [
                    {
                        "date": "2013-08-17",
                        "link": "/post/eurotrip-hannover/"
                    }
                ]
            },
            {
                "name": "Дрезден",
                "lat": 51.033333,
                "lon": 13.733333,
                "visits": [
                    {
                        "date": "2012-07-10"
                    }
                ]
            },
            {
                "name": "Дюссельдорф",
                "lat": 51.216667,
                "lon": 6.816667,
                "visits": [
                    {
                        "date": "2014-04-18/2014-04-21",
                        "link": "/post/dusseldorf-2014/"
                    },
                    {
                        "date": "2013-04-05/2013-04-08",
                        "link": "/post/dusseldorf/"
                    },
                    {
                        "date": "2012-04-06/2012-04-08"
                    }
                ]
            },
            {
                "name": "Карлсруэ",
                "lat": 49.013889,
                "lon": 8.404167,
                "visits": [
                    {
                        "date": "2016-07-03"
                    }
                ]
            },
            {
                "name": "Кёльн",
                "lat": 50.942222,
                "lon": 6.957778,
                "visits": [
                    {
                        "date": "2013-04-07",
                        "link": "/post/dusseldorf/"
                    }
                ]
            },
            {
                "name": "Констанс",
                "lat": 47.663333,
                "lon": 9.175278,
                "visits": [
                    {
                        "date": "2016-05-26",
                        "link": "/post/konstanz/"
                    }
                ]
            },
            {
                "name": "Нюрнберг",
                "lat": 49.452778,
                "lon": 11.077778,
                "visits": [
                    {
                        "date": "2016-01-06",
                        "link": "/post/nuernberg/"
                    }
                ]
            },
            {
                "name": "Потсдам",
                "lat": 52.4,
                "lon": 13.066667,
                "visits": [
                    {
                        "date": "2014-04-23",
                        "link": "/post/potsdam-2014/"
                    }
                ]
            },
            {
                "name": "Титизе",
                "lat": 47.9,
                "lon": 8.15,
                "visits": [
                    {
                        "date": "2015-03-26",
                        "link": "/post/villingen-schwenningen-and-titisee"
                    }
                ]
            },
            {
                "name": "Тодтнау",
                "lat": 47.8434,
                "lon": 7.9391,
                "visits": [
                    {
                        "date": "2016-04-10",
                        "link": "/post/todtnau/"
                    },
                    {
                        "date": "2016-05-07"
                    }
                ]
            },
            {
                "name": "Триберг",
                "lat": 48.130833,
                "lon": 8.231667,
                "visits": [
                    {
                        "date": "2015-03-26",
                        "link": "/post/triberg/"
                    }
                ]
            },
            {
                "name": "Ульм",
                "lat": 48.4,
                "lon": 9.983333,
                "visits": [
                    {
                        "date": "2016-01-16",
                        "link": "/post/ulm/"
                    }
                ]
            },
            {
                "name": "Фельдберг",
                "lat": 47.878611,
                "lon": 8.011111,
                "visits": [
                    {
                        "date": "2015-03-27",
                        "link": "/post/one-day-in-schwarzwald/"
                    }
                ]
            },
            {
                "name": "Филлинген-Швенинген",
                "lat": 48.060278,
                "lon": 8.458611,
                "visits": [
                    {
                        "date": "2015-03-26",
                        "link": "/post/villingen-schwenningen-and-titisee"
                    }
                ]
            },
            {
                "name": "Фрайбург",
                "lat": 47.994828,
                "lon": 7.849881,
                "visits": [
                    {
                        "date": "2015-03-25/2015-03-29",
                        "link": "/post/freiburg/"
                    }
                ]
            },
            {
                "name": "Франкфурт-на-Майне",
                "lat": 50.116667,
                "lon": 8.683333,
                "visits": [
                    {
                        "date": "2015-03-29",
                        "link": "/post/frankfurt-am-main/"
                    }
                ]
            },
            {
                "name": "Хайдельберг",
                "alias": ["Гейдельберг"],
                "lat": 49.412222,
                "lon": 8.71,
                "visits": [
                    {
                        "date": "2016-01-02",
                        "link": "/post/heidelberg/"
                    }
                ]
            },
            {
                "name": "Хайльбронн",
                "lat": 49.15,
                "lon": 9.216667,
                "visits": [
                    {
                        "date": "2015-01-23"
                    }
                ]
            },
            {
                "name": "Шауинсланд",
                "lat": 47.911111,
                "lon": 7.899444,
                "visits": [
                    {
                        "date": "2015-03-26",
                        "link": "/post/schauinsland/"
                    }
                ]
            },
            {
                "name": "Шильтах",
                "lat": 48.290556,
                "lon": 8.344722,
                "visits": [
                    {
                        "date": "2015-03-27",
                        "link": "/post/one-day-in-schwarzwald/"
                    }
                ]
            },
            {
                "name": "Штутгарт",
                "lat": 48.776111,
                "lon": 9.1775
            },
            {
                "name": "Эссен",
                "lat": 51.45,
                "lon": 7.016667,
                "visits": [
                    {
                        "date": "2015-09-18/2015-09-20"
                    }
                ]
            },
            {
                "name": "Эслинген-ам-Неккар",
                "lat": 48.740556,
                "lon": 9.310833
            }
        ]
    },

    "ESP": {
        "name": "Испания",
        "color": "yellow",
        "cities": [
            {
                "name": "Барселона",
                "lat": 41.383333,
                "lon": 2.183333,
                "visits": [
                    {
                        "date": "2013-08-26/2013-08-30",
                        "link": "/post/eurotrip-barcelona/"
                    }
                ]
            },
            {
                "name": "Гранольерс",
                "lat": 41.616667,
                "lon": 2.3,
                "visits": [
                    {
                        "date": "2013-08-26/2013-08-30",
                        "link": "/post/eurotrip-barcelona/"
                    }
                ]
            },
            {
                "name": "Мадрид",
                "lat": 40.4,
                "lon": -3.683333,
                "visits": [
                    {
                        "date": "2014-12-31/2015-01-04",
                        "link": "/post/new-year-in-madrid"
                    }
                ]
            },
            {
                "name": "Толедо",
                "lat": 39.866667,
                "lon": -4.033333,
                "visits": [
                    {
                        "date": "2015-01-03",
                        "link": "/post/toledo/"
                    }
                ]
            }
        ]
    },

    "EST": {
        "name": "Эстония",
        "color": "turquoise",
        "cities": [
            {
                "name": "Таллинн",
                "lat": 59.437222,
                "lon": 24.745278,
                "visits": [
                    {
                        "date": "2014-04-29/2014-05-01",
                        "link": "/post/tallinn-2014/"
                    }
                ]
            }
        ]
    },

    "FIN": {
        "name": "Финляндия",
        "color": "blue",
        "cities": [
            {
                "name": "Хельсинки",
                "lat": 60.170833,
                "lon": 24.9375,
                "visits": [
                    {
                        "date": "2014-04-30",
                        "link": "/post/helsinki-2014/"
                    }
                ]
            }
        ]
    },

    "FXX": {
        "name": "Франция",
        "color": "red",
        "cities": [
            {
                "name": "Париж",
                "lat": 48.8567,
                "lon": 2.3508,
                "visits": [
                    {
                        "date": "2015-08-28",
                        "link": "/post/satrip-2015-paris/"
                    },
                    {
                        "date": "2015-02-27/2015-03-01",
                        "link": "/post/paris-2015/"
                    },
                    {
                        "date": "2013-08-22/2013-08-26",
                        "link": "/post/eurotrip-paris/"
                    }
                ]
            },
            {
                "name": "Страсбург",
                "lat": 48.58,
                "lon": 7.75,
                "visits": [
                    {
                        "date": "2016-03-25/2016-03-27",
                        "link": "/post/strasbourg/"
                    }
                ]
            }
        ]
    },

    "HRV": {
        "name": "Хорватия",
        "color": "yellow",
        "cities": [
            {
                "name": "Загреб",
                "lat": 45.8,
                "lon": 15.95,
                "visits": [
                    {
                        "date": "2014-06-21",
                        "link": "/post/eurotrip-2014-zagreb/"
                    }
                ]
            },
            {
                "name": "Плитвицкие озёра",
                "lat": 44.880556,
                "lon": 15.616111,
                "visits": [
                    {
                        "date": "2014-06-22",
                        "link": "/post/eurotrip-2014-plitvice-lakes/"
                    }
                ]
            }
        ]
    },

    "HUN": {
        "name": "Венгрия",
        "color": "orange",
        "cities": [
            {
                "name": "Будапешт",
                "lat": 47.516667,
                "lon": 19.083333,
                "visits": [
                    {
                        "date": "2014-06-16/2014-06-17",
                        "link": "/post/eurotrip-2014-budapest/"
                    }
                ]
            }
        ]
    },

    "ITA": {
        "name": "Италия",
        "color": "green",
        "cities": [
            {
                "name": "Бергамо",
                "lat": 45.7,
                "lon": 9.666667,
                "visits": [
                    {
                        "date": "2014-07-05",
                        "link": "/post/eurotrip-2014-milan-and-bergamo/"
                    }
                ]
            },
            {
                "name": "Болонья",
                "lat": 44.5,
                "lon": 11.35,
                "visits": [
                    {
                        "date": "2014-06-28",
                        "link": "/post/eurotrip-2014-bologna/"
                    }
                ]
            },
            {
                "name": "Везувий",
                "lat": 40.821389,
                "lon": 14.425556,
                "visits": [
                    {
                        "date": "2014-06-30",
                        "link": "/post/eurotrip-2014-vesuvius-and-pompeii/"
                    }
                ]
            },
            {
                "name": "Верона",
                "lat": 45.433333,
                "lon": 10.983333,
                "visits": [
                    {
                        "date": "2014-06-27",
                        "link": "/post/eurotrip-2014-verona/"
                    }
                ]
            },
            {
                "name": "Капри",
                "lat": 40.550833,
                "lon": 14.243333,
                "visits": [
                    {
                        "date": "2014-07-01/2014-07-03",
                        "link": "/post/eurotrip-2014-capri/"
                    }
                ]
            },
            {
                "name": "Милан",
                "lat": 45.466667,
                "lon": 9.166667,
                "visits": [
                    {
                        "date": "2014-07-05",
                        "link": "/post/eurotrip-2014-milan-and-bergamo/"
                    }
                ]
            },
            {
                "name": "Неаполь",
                "lat": 40.833333,
                "lon": 14.25,
                "visits": [
                    {
                        "date": "2014-07-01",
                        "link": "/post/eurotrip-2014-naples/"
                    }
                ]
            },
            {
                "name": "Падуя",
                "lat": 45.416667,
                "lon": 11.866667,
                "visits": [
                    {
                        "date": "2014-06-26",
                        "link": "/post/eurotrip-2014-padua/"
                    }
                ]
            },
            {
                "name": "Помпеи",
                "lat": 40.75,
                "lon": 14.486111,
                "visits": [
                    {
                        "date": "2014-06-30",
                        "link": "/post/eurotrip-2014-vesuvius-and-pompeii/"
                    }
                ]
            },
            {
                "name": "Рим",
                "lat": 41.9,
                "lon": 12.5,
                "visits": [
                    {
                        "date": "2014-07-04/2014-07-05",
                        "link": "/post/eurotrip-2014-rome/"
                    }
                ]
            },
            {
                "name": "Флоренция",
                "lat": 43.783333,
                "lon": 11.25,
                "visits": [
                    {
                        "date": "2014-06-29",
                        "link": "/post/eurotrip-2014-florence/"
                    }
                ]
            }
        ]
    },

    "LTU": {
        "name": "Литва",
        "color": "blue",
        "cities": [
            {
                "name": "Вильнюс",
                "lat": 54.683333,
                "lon": 25.283333,
                "visits": [
                    {
                        "date": "2014-09-10/2014-09-12"
                    },
                    {
                        "date": "2014-03-04/2014-03-09",
                        "link": "/post/vilnius/"
                    },
                    {
                        "date": "2013-03-02"
                    },
                    {
                        "date": "2013-01-27"
                    }
                ]
            }
        ]
    },

    "LVA": {
        "name": "Латвия",
        "color": "pink",
        "cities": [
            {
                "name": "Рига",
                "lat": 56.9475,
                "lon": 24.106944,
                "visits": [
                    {
                        "date": "2014-02-08/2014-02-09",
                        "link": "/post/riga/"
                    }
                ]
            },
            {
                "name": "Юрмала",
                "lat": 56.972222,
                "lon": 23.796944,
                "visits": [
                    {
                        "date": "2014-02-09",
                        "link": "/post/riga/"
                    }
                ]
            }
        ]
    },

    "MDA": {
        "name": "Молдова",
        "color": "turquoise",
        "cities": [
            {
                "name": "Кишинёв",
                "lat": 47.00556,
                "lon": 28.85750,
                "visits": [
                    {
                        "date": "2014-06-12/2014-06-13",
                        "link": "/post/eurotrip-2014-chisinau/"
                    }
                ]
            },
            {
                "name": "Кожушна",
                "lat": 47.0930555556,
                "lon": 28.6583333333,
                "visits": [
                    {
                        "date": "2014-06-13",
                        "link": "/post/eurotrip-2014-chisinau/"
                    }
                ]
            }
        ]
    },

    "NLD": {
        "name": "Нидерланды",
        "color": "purple",
        "cities": [
            {
                "name": "Амстердам",
                "lat": 52.383333,
                "lon": 4.9,
                "visits": [
                    {
                        "date": "2013-08-17/2013-08-19",
                        "link": "/post/eurotrip-amsterdam/"
                    }
                ]
            }
        ]
    },

    "NOR": {
        "name": "Норвегия",
        "color": "yellow",
        "cities": [
            {
                "name": "Осло",
                "lat": 59.95,
                "lon": 10.75,
                "visits": [
                    {
                        "date": "2013-11-07/2013-11-10",
                        "link": "/post/oslo/"
                    }
                ]
            }
        ]
    },

    "PER": {
        "name": "Перу",
        "color": "pink",
        "cities": [
            {
                "name": "Куско",
                "lat": -13.527222,
                "lon": -71.971389,
                "visits": [
                    {
                        "date": "2015-09-01/2015-09-02",
                        "link": "/post/satrip-2015-rio-to-cusco/"
                    },
                    {
                        "date": "2015-09-12",
                        "link": "/post/satrip-2015-cusco-again/"
                    }
                ]
            },
            {
                "name": "Лима",
                "lat": -12.035,
                "lon": -77.018611,
                "visits": [
                    {
                        "date": "2015-09-13",
                        "link": "/post/satrip-2015-lima/"
                    }
                ]
            },
            {
                "name": "Мачу-Пикчу",
                "lat": -13.163056,
                "lon": -72.545556,
                "visits": [
                    {
                        "date": "2015-09-03",
                        "link": "/post/satrip-2015-machu-picchu/"
                    }
                ]
            }
        ]
    },

    "POL": {
        "name": "Польша",
        "color": "yellow",
        "cities": [
            {
                "name": "Белосток",
                "lat": 53.116667,
                "lon": 23.166667,
                "visits": [
                    {
                        "date": "2014-10-24/2014-10-26",
                        "link": "/post/bialystok/"
                    },
                    {
                        "date": "2015-01-30/2015-01-31"
                    }
                ]
            },
            {
                "name": "Варшава",
                "lat": 52.216667,
                "lon": 21.033333,
                "visits": [
                    {
                        "date": "2013-08-11",
                        "link": "/post/eurotrip-warsaw/"
                    },
                    {
                        "date": "2013-04-05",
                        "link": "/post/dusseldorf/"
                    }
                ]
            },
            {
                "name": "Вроцлав",
                "lat": 51.116667,
                "lon": 17.033333,
                "visits": [
                    {
                        "date": "2013-08-12/2013-08-14",
                        "link": "/post/eurotrip-wroclaw/"
                    }
                ]
            },
            {
                "name": "Краков",
                "lat": 50.066667,
                "lon": 19.95,
                "visits": [
                    {
                        "date": "2013-08-11/2014-08-12",
                        "link": "/post/eurotrip-krakow/"
                    }
                ]
            },
            {
                "name": "Кудова-Здруй",
                "lat": 50.433333,
                "lon": 16.233333,
                "visits": [
                    {
                        "date": "2012-07-09"
                    }
                ]
            },
            {
                "name": "Люблин",
                "lat": 51.233333,
                "lon": 22.566667,
                "visits": [
                    {
                        "date": "2015-02-14/2015-02-15",
                        "link": "/post/lublin-and-majdanek/"
                    }
                ]
            }
        ]
    },

    "PR1": {
        "name": "Португалия",
        "color": "green",
        "cities": [
            {
                "name": "Кашкайш",
                "lat": 38.683333,
                "lon": -9.416667,
                "visits": [
                    {
                        "date": "2016-09-24"
                    }
                ]
            },
            {
                "name": "Коимбра",
                "lat": 40.2347,
                "lon": -8.3949,
                "visits": [
                    {
                        "date": "2016-09-22",
                        "link": "/post/coimbra/"
                    }
                ]
            },
            {
                "name": "Лиссабон",
                "lat": 38.716667,
                "lon": -9.166667,
                "visits": [
                    {
                        "date": "2016-09-22/2016-09-27",
                        "link": "/post/lisbon/"
                    }
                ]
            },
            {
                "name": "Мыс Рока",
                "lat": 38.780833,
                "lon": -9.498333,
                "visits": [
                    {
                        "date": "2016-09-24"
                    }
                ]
            },
            {
                "name": "Порту",
                "lat": 41.15,
                "lon": -8.6,
                "visits": [
                    {
                        "date": "2016-09-19/2016-09-22",
                        "link": "/post/porto-1/"
                    },
                    {
                        "date": "2016-09-27/2016-09-28"
                    }
                ]
            },
            {
                "name": "Синтра",
                "lat": 38.797361,
                "lon": -9.390417,
                "visits": [
                    {
                        "date": "2016-09-24",
                        "link": "/post/sintra/"
                    }
                ]
            }
        ]
    },

    "ROU": {
        "name": "Румыния",
        "color": "purple",
        "cities": [
            {
                "name": "Бран",
                "lat": 45.51306,
                "lon": 25.36389,
                "visits": [
                    {
                        "date": "2014-06-15",
                        "link": "/post/eurotrip-2014-bran-rasnov-brasov/"
                    }
                ]
            },
            {
                "name": "Брашов",
                "lat": 45.666667,
                "lon": 25.616667,
                "visits": [
                    {
                        "date": "2014-06-15",
                        "link": "/post/eurotrip-2014-bran-rasnov-brasov/"
                    }
                ]
            },
            {
                "name": "Бухарест",
                "lat": 44.400,
                "lon": 26.083,
                "visits": [
                    {
                        "date": "2014-06-14",
                        "link": "/post/eurotrip-2014-bucharest/"
                    }
                ]
            },
            {
                "name": "Рашнов",
                "lat": 45.593333,
                "lon": 25.460278,
                "visits": [
                    {
                        "date": "2014-06-15",
                        "link": "/post/eurotrip-2014-bran-rasnov-brasov/"
                    }
                ]
            },
            {
                "name": "Сигишоара",
                "lat": 46.216944,
                "lon": 24.791111,
                "visits": [
                    {
                        "date": "2014-06-15",
                        "link": "/post/eurotrip-2014-sighisoara/"
                    }
                ]
            }
        ]
    },

    "RUS": {
        "name": "Россия",
        "color": "red",
        "regions": {
            "RUS-2336": "Ленинградская область",
            "RUS-2337": "Санкт-Петербург",
            "RUS-2364": "Московская область",
            "RUS-2365": "Москва"
        },
        "cities": [
            {
                "name": "Гатчина",
                "lat": 59.566667,
                "lon": 30.133333,
                "visits": [
                    {
                        "date": "2014-12-27",
                        "link": "/post/saint-petersburg-and-gatchina/"
                    }
                ]
            },
            {
                "name": "Москва",
                "lat": 55.751667,
                "lon": 37.617778,
                "visits": [
                    {
                        "date": "2012-06-09"
                    },
                    {
                        "date": "2012-11-03"
                    }
                ]
            },
            {
                "name": "Санкт-Петербург",
                "lat": 59.95,
                "lon": 30.316667,
                "visits": [
                    {
                        "date": "2014-12-25/2014-12-28",
                        "link": "/post/saint-petersburg-and-gatchina/"
                    }
                ]
            }
        ]
    },

    "SVK": {
        "name": "Словакия",
        "color": "red",
        "cities": [
            {
                "name": "Братислава",
                "lat": 48.144722,
                "lon": 17.112778,
                "visits": [
                    {
                        "date": "2014-06-18",
                        "link": "/post/eurotrip-2014-bratislava/"
                    }
                ]
            }
        ]
    },

    "SVN": {
        "name": "Словения",
        "color": "purple",
        "cities": [
            {
                "name": "Блед",
                "lat": 46.366667,
                "lon": 14.116667,
                "visits": [
                    {
                        "date": "2014-06-25",
                        "link": "/post/eurotrip-2014-bled-bohinj/"
                    }
                ]
            },
            {
                "name": "Бохинь",
                "lat": 46.273886,
                "lon": 13.950578,
                "visits": [
                    {
                        "date": "2014-06-25",
                        "link": "/post/eurotrip-2014-bled-bohinj/"
                    }
                ]
            },
            {
                "name": "Любляна",
                "lat": 46.05,
                "lon": 14.5,
                "visits": [
                    {
                        "date": "2014-06-23",
                        "link": "/post/eurotrip-2014-ljubljana/"
                    }
                ]
            },
            {
                "name": "Постойна",
                "lat": 45.766667,
                "lon": 14.216667,
                "visits": [
                    {
                        "date": "2014-06-24",
                        "link": "/post/eurotrip-2014-postojna-skocjan/"
                    }
                ]
            },
            {
                "name": "Шкотьян",
                "lat": 45.662222,
                "lon": 13.988333,
                "visits": [
                    {
                        "date": "2014-06-24",
                        "link": "/post/eurotrip-2014-postojna-skocjan/"
                    }
                ]
            }
        ]
    },

    "SWE": {
        "name": "Швеция",
        "color": "purple",
        "cities": [
            {
                "name": "Стокгольм",
                "lat": 59.333333,
                "lon": 18.066667,
                "visits": [
                    {
                        "date": "2015-05-28/2015-05-31",
                        "link": "/post/stockholm/"
                    }
                ]
            }
        ]
    },

    "TUR": {
        "name": "Турция",
        "color": "turquoise",
        "cities": [
            {
                "name": "Стамбул",
                "lat": 41.01,
                "lon": 28.960278,
                "visits": [
                    {
                        "date": "2015-04-18/2015-04-21",
                        "link": "/post/istanbul/"
                    }
                ]
            }
        ]
    },

    "UKR": {
        "name": "Украина",
        "color": "pink",
        "cities": [
            {
                "name": "Балаклава",
                "lat": 44.5,
                "lon": 33.6,
                "visits": [
                    {
                        "date": "2011-07-24/2011-08-04"
                    }
                ]
            },
            {
                "name": "Бахчисарай",
                "lat": 44.752778,
                "lon": 33.860833,
                "visits": [
                    {
                        "date": "2011-07-29"
                    }
                ]
            },
            {
                "name": "Киев",
                "lat": 50.4505,
                "lon": 30.523,
                "visits": [
                    {
                        "date": "2012-04-21/2012-04-24"
                    },
                    {
                        "date": "2013-10-05"
                    }
                ]
            },
            {
                "name": "Львов",
                "lat": 49.833333,
                "lon": 24,
                "visits": [
                    {
                        "date": "2011-12-31/2012-01-02"
                    }
                ]
            },
            {
                "name": "Севастополь",
                "lat": 44.6,
                "lon": 33.533333,
                "visits": [
                    {
                        "date": "2011-07-26"
                    },
                    {
                        "date": "2011-08-01"
                    }
                ]
            },
            {
                "name": "Симферополь",
                "lat": 44.948056,
                "lon": 34.104167,
                "visits": [
                    {
                        "date": "2011-08-05/2011-08-06"
                    }
                ]
            },
            {
                "name": "Форос",
                "lat": 44.391667,
                "lon": 33.788889,
                "visits": [
                    {
                        "date": "2011-08-02"
                    }
                ]
            }
        ]
    },

    "USA": {
        "name": "США",
        "color": "yellow",
        "regions": {
            "USA-3559": "Нью-Йорк",
            "USA-3556": "Округ Колумбия"
        },
        "cities": [
            {
                "name": "Нью-Йорк",
                "lat": 40.728333,
                "lon": -73.994167,
                "visits": [
                    {
                        "date": "2014-10-04/2014-10-16",
                        "link": "/post/new-york-2014-1/"
                    }
                ]
            },
            {
                "name": "Вашингтон",
                "lat": 38.895,
                "lon": -77.036667,
                "visits": [
                    {
                        "date": "2014-10-11",
                        "link": "/post/washington-dc-2014/"
                    }
                ]
            }
        ]
    }
}
